[
{
    "model": "graph.node", 
    "fields": {
        "address": "16 Carrol road\r\nNeedham MA\r\n02492"
    }, 
    "pk": 1
},
{
    "model": "graph.node", 
    "fields": {
        "address": "West Roxbury Massachusetts"
    }, 
    "pk": 2
},
{
    "model": "dog.walker", 
    "fields": {
        "address": "16 Carrol road\r\nNeedham MA\r\n02492", 
        "node": 1, 
        "modified": "2013-04-13T23:34:32.896Z", 
        "name": "Tara Bowden", 
        "created": "2013-04-13T23:34:32.895Z"
    }, 
    "pk": 1
},
{
    "model": "dog.walker", 
    "fields": {
        "address": "West Roxbury Massachusetts", 
        "node": 2, 
        "modified": "2013-04-13T23:34:47.656Z", 
        "name": "Sam Baron", 
        "created": "2013-04-13T23:34:47.656Z"
    }, 
    "pk": 2
},
{
    "pk": 3, 
    "fields": {
        "address": "82 Farm Street, Dover MA",
        "seconds": 2000
    }, 
    "model": "graph.node"
},
{
    "pk": 1, 
    "fields": {
        "created": "2013-04-13T23:34:47.656Z", 
        "modified": "2013-04-13T23:34:47.656Z", 
        "node": 3, 
        "address": "82 Farm Street, Dover MA"
    }, 
    "model": "dog.walkinglocation"
},
{
    "pk": 4, 
    "model": "graph.node", 
    "fields": {
        "address": "21 Kenilworth Road Wellesley MA"
    }
},
{
    "pk": 5, 
    "model": "graph.node", 
    "fields": {
        "address": "28 Fuller Brook Rd Wellesley MA"
    }
},
{
    "pk": 6, 
    "model": "graph.node", 
    "fields": {
        "address": "11 FullerBrook Rd Wellesley MA"
    }
},
{
    "pk": 7, 
    "model": "graph.node", 
    "fields": {
        "address": "48 Scotch Pine Rd Wellesley MA"
    }
},
{
    "pk": 8, 
    "model": "graph.node", 
    "fields": {
        "address": "14 Sawyer Rd Wellesley MA"
    }
},
{
    "pk": 9, 
    "model": "graph.node", 
    "fields": {
        "address": "16 Cleveland Road Wellesley MA"
    }
},
{
    "pk": 10, 
    "model": "graph.node", 
    "fields": {
        "address": "16 Cleveland Road Wellesley MA"
    }
},
{
    "pk": 11, 
    "model": "graph.node", 
    "fields": {
        "address": "22 Kenilworth Road Wellesley MA"
    }
},
{
    "pk": 9, 
    "model": "dog.dog", 
    "fields": {
        "created": "2013-04-14T23:26:36.822Z", 
        "node": 4, 
        "days": 5, 
        "incompatible": [], 
        "name": "Kodi", 
        "address": "21 Kenilworth Road", 
        "modified": "2013-04-14T23:26:36.828Z"
    }
},
{
    "pk": 10, 
    "model": "dog.dog", 
    "fields": {
        "created": "2013-04-14T23:27:18.884Z", 
        "node": 5, 
        "days": 4, 
        "incompatible": [], 
        "name": "Tucker", 
        "address": "28 Fuller Brook Rd", 
        "modified": "2013-04-14T23:27:18.887Z"
    }
},
{
    "pk": 11, 
    "model": "dog.dog", 
    "fields": {
        "created": "2013-04-14T23:27:42.865Z", 
        "node": 6, 
        "days": 3, 
        "incompatible": [], 
        "name": "Baily", 
        "address": "11 FullerBrook Rd", 
        "modified": "2013-04-14T23:27:42.872Z"
    }
},
{
    "pk": 12, 
    "model": "dog.dog", 
    "fields": {
        "created": "2013-04-14T23:27:57.078Z", 
        "node": 7, 
        "days": 3, 
        "incompatible": [], 
        "name": "Josie", 
        "address": "48 Scotch Pine Rd", 
        "modified": "2013-04-14T23:27:57.097Z"
    }
},
{
    "pk": 13, 
    "model": "dog.dog", 
    "fields": {
        "created": "2013-04-14T23:28:17.358Z", 
        "node": 8, 
        "days": 2, 
        "incompatible": [], 
        "name": "Max", 
        "address": "14 Sawyer Rd", 
        "modified": "2013-04-14T23:28:27.324Z"
    }
},
{
    "pk": 14, 
    "model": "dog.dog", 
    "fields": {
        "created": "2013-04-14T23:29:06.083Z", 
        "node": 9, 
        "days": 1, 
        "incompatible": [], 
        "name": "Bruce", 
        "address": "16 Cleveland Road", 
        "modified": "2013-04-14T23:29:06.087Z"
    }
},
{
    "pk": 15, 
    "model": "dog.dog", 
    "fields": {
        "created": "2013-04-14T23:29:16.311Z", 
        "node": 10, 
        "days": 1, 
        "incompatible": [], 
        "name": "Stella", 
        "address": "16 Cleveland Road", 
        "modified": "2013-04-14T23:29:16.324Z"
    }
},
{
    "pk": 16, 
    "model": "dog.dog", 
    "fields": {
        "created": "2013-04-14T23:29:28.713Z", 
        "node": 11, 
        "days": 1, 
        "incompatible": [], 
        "name": "Henry", 
        "address": "22 Kenilworth Road", 
        "modified": "2013-04-14T23:29:28.717Z"
    }
},
{
    "pk": 28, 
    "model": "graph.edge", 
    "fields": {
        "seconds": 852.0, 
        "nodes": [
            8, 
            7
        ], 
        "meters": 10102.0
    }
},
{
    "pk": 27, 
    "model": "graph.edge", 
    "fields": {
        "seconds": 1590.0, 
        "nodes": [
            8, 
            6
        ], 
        "meters": 18241.0
    }
},
{
    "pk": 26, 
    "model": "graph.edge", 
    "fields": {
        "seconds": 1067.0, 
        "nodes": [
            6, 
            7
        ], 
        "meters": 9933.0
    }
},
{
    "pk": 25, 
    "model": "graph.edge", 
    "fields": {
        "seconds": 819.0, 
        "nodes": [
            8, 
            5
        ], 
        "meters": 9591.0
    }
},
{
    "pk": 24, 
    "model": "graph.edge", 
    "fields": {
        "seconds": 430.0, 
        "nodes": [
            5, 
            7
        ], 
        "meters": 3785.0
    }
},
{
    "pk": 23, 
    "model": "graph.edge", 
    "fields": {
        "seconds": 1067.0, 
        "nodes": [
            5, 
            6
        ], 
        "meters": 13236.0
    }
},
{
    "pk": 22, 
    "model": "graph.edge", 
    "fields": {
        "seconds": 1054.0, 
        "nodes": [
            8, 
            4
        ], 
        "meters": 11827.0
    }
},
{
    "pk": 21, 
    "model": "graph.edge", 
    "fields": {
        "seconds": 564.0, 
        "nodes": [
            4, 
            7
        ], 
        "meters": 5535.0
    }
},
{
    "pk": 20, 
    "model": "graph.edge", 
    "fields": {
        "seconds": 962.0, 
        "nodes": [
            4, 
            6
        ], 
        "meters": 11383.0
    }
},
{
    "pk": 19, 
    "model": "graph.edge", 
    "fields": {
        "seconds": 359.0, 
        "nodes": [
            4, 
            5
        ], 
        "meters": 2588.0
    }
},
{
    "pk": 18, 
    "model": "graph.edge", 
    "fields": {
        "seconds": 958.0, 
        "nodes": [
            8, 
            3
        ], 
        "meters": 11328.0
    }
},
{
    "pk": 17, 
    "model": "graph.edge", 
    "fields": {
        "seconds": 209.0, 
        "nodes": [
            3, 
            7
        ], 
        "meters": 1240.0
    }
},
{
    "pk": 16, 
    "model": "graph.edge", 
    "fields": {
        "seconds": 1222.0, 
        "nodes": [
            3, 
            6
        ], 
        "meters": 11859.0
    }
},
{
    "pk": 15, 
    "model": "graph.edge", 
    "fields": {
        "seconds": 482.0, 
        "nodes": [
            3, 
            5
        ], 
        "meters": 3922.0
    }
},
{
    "pk": 14, 
    "model": "graph.edge", 
    "fields": {
        "seconds": 636.0, 
        "nodes": [
            3, 
            4
        ], 
        "meters": 6268.0
    }
},
{
    "pk": 13, 
    "model": "graph.edge", 
    "fields": {
        "seconds": 958.0, 
        "nodes": [
            8, 
            2
        ], 
        "meters": 11328.0
    }
},
{
    "pk": 12, 
    "model": "graph.edge", 
    "fields": {
        "seconds": 209.0, 
        "nodes": [
            2, 
            7
        ], 
        "meters": 1240.0
    }
},
{
    "pk": 11, 
    "model": "graph.edge", 
    "fields": {
        "seconds": 1222.0, 
        "nodes": [
            2, 
            6
        ], 
        "meters": 11859.0
    }
},
{
    "pk": 10, 
    "model": "graph.edge", 
    "fields": {
        "seconds": 482.0, 
        "nodes": [
            2, 
            5
        ], 
        "meters": 3922.0
    }
},
{
    "pk": 9, 
    "model": "graph.edge", 
    "fields": {
        "seconds": 636.0, 
        "nodes": [
            2, 
            4
        ], 
        "meters": 6268.0
    }
},
{
    "pk": 8, 
    "model": "graph.edge", 
    "fields": {
        "seconds": 0.0, 
        "nodes": [
            2, 
            3
        ], 
        "meters": 0.0
    }
},
{
    "pk": 7, 
    "model": "graph.edge", 
    "fields": {
        "seconds": 958.0, 
        "nodes": [
            8, 
            1
        ], 
        "meters": 11328.0
    }
},
{
    "pk": 6, 
    "model": "graph.edge", 
    "fields": {
        "seconds": 209.0, 
        "nodes": [
            1, 
            7
        ], 
        "meters": 1240.0
    }
},
{
    "pk": 5, 
    "model": "graph.edge", 
    "fields": {
        "seconds": 1222.0, 
        "nodes": [
            1, 
            6
        ], 
        "meters": 11859.0
    }
},
{
    "pk": 4, 
    "model": "graph.edge", 
    "fields": {
        "seconds": 482.0, 
        "nodes": [
            1, 
            5
        ], 
        "meters": 3922.0
    }
},
{
    "pk": 3, 
    "model": "graph.edge", 
    "fields": {
        "seconds": 636.0, 
        "nodes": [
            1, 
            4
        ], 
        "meters": 6268.0
    }
},
{
    "pk": 2, 
    "model": "graph.edge", 
    "fields": {
        "seconds": 0.0, 
        "nodes": [
            1, 
            3
        ], 
        "meters": 0.0
    }
},
{
    "pk": 1, 
    "model": "graph.edge", 
    "fields": {
        "seconds": 0.0, 
        "nodes": [
            1, 
            2
        ], 
        "meters": 0.0
    }
}

]
